name,T1,T2,incl,inclerror,q,qerror,r1,r1error,r2,r2error,ecc,eccerror,f1,f2,R2
TIC 1021067547,8733,4373,85.245,0.951,0.634,0.118,0.121,0.007,0.057,0.007,0.003,0.002,0.288,0.169,0.986
TIC 10800647,7145,6362,87.464,1.545,0.379,0.049,0.329,0.003,0.195,0.002,0.008,0.001,0.709,0.653,0.984
TIC 115288764,6799,3991,84.644,5.254,0.265,0.061,0.313,0.029,0.112,0.02,0.007,0.001,0.63,0.41,0.998
TIC 115443990,7397,4711,88.332,1.711,0.19,0.097,0.386,0.003,0.228,0.009,0.004,0.003,0.736,0.919,0.999
TIC 116417661,6313,3715,87.323,1.285,0.642,0.077,0.166,0.007,0.063,0.003,0.004,0.002,0.398,0.184,0.996
TIC 116729038,8033,5002,76.628,1.768,0.018,0.001,0.319,0.02,0.088,0.007,0.006,0.001,0.461,0.72,0.994
TIC 119067714,6514,4334,80.846,0.79,0.289,0.028,0.222,0.009,0.057,0.004,0.006,0.003,0.454,0.206,0.967
TIC 121078334,7299,5643,72.832,2.687,0.047,0.048,0.427,0.032,0.109,0.012,0.002,0.012,0.674,0.658,0.962
TIC 121455954,6228,5925,80.106,4.584,0.223,0.058,0.352,0.025,0.124,0.018,0.001,0.012,0.688,0.478,0.953
TIC 122883754,9127,5747,84.575,1.042,0.009,0.037,0.254,0.007,0.047,0.002,0.003,0.001,0.35,0.483,0.978
TIC 124181228,6310,5148,83.96,0.42,0.095,0.06,0.202,0.004,0.072,0.002,0.004,0.001,0.348,0.351,0.989
TIC 125857387,6371,6331,89.701,0.391,0.105,0.16,0.345,0.013,0.165,0.009,0,0.001,0.601,0.786,0.955
TIC 126137581,7662,3809,83.288,1.856,0.321,0.053,0.296,0.012,0.097,0.005,0.012,0.016,0.617,0.341,0.997
TIC 12631605,5430,3542,83.44,2.314,0.313,0.131,0.292,0.012,0.131,0.006,0.007,0.007,0.607,0.459,0.977
TIC 126325291,5384,3821,89.884,0.129,0.108,0.038,0.239,0.001,0.156,0.001,0.005,0.002,0.418,0.739,0.987
TIC 126945917,7472,5296,87.311,0.165,0.484,0.012,0.322,0.001,0.197,0,0.001,0,0.727,0.621,0.991
TIC 126997753,6161,3529,81.768,2.369,0.175,0.049,0.24,0.028,0.053,0.007,0.01,0.002,0.451,0.218,0.981
TIC 137503140,5717,3522,79.036,1.149,0.183,0.031,0.167,0.008,0.14,0.017,0.323,0.003,0.316,0.568,0.98
TIC 139825840,5953,5537,83.348,2.484,0.434,0.103,0.189,0.018,0.042,0.006,0.001,0.003,0.418,0.136,0.983
TIC 141622065,6418,6258,83.216,0.466,0.025,0.025,0.239,0.003,0.108,0.002,0.003,0.001,0.355,0.797,0.997
TIC 14207118,6555,4513,78.21,1.256,0.398,0.05,0.306,0.013,0.073,0.004,0.006,0.002,0.665,0.241,0.98
TIC 142096904,5994,4516,83.361,2.262,0.239,0.049,0.318,0.011,0.162,0.011,0.001,0.001,0.629,0.613,0.994
TIC 142677613,8155,4468,89.012,0.982,0.319,0.057,0.09,0.006,0.037,0.002,0,0.002,0.188,0.128,0.991
TIC 144475181,6618,6251,89.7,0.225,0.574,0.021,0.232,0.001,0.18,0,0,0,0.543,0.542,0.99
TIC 154453116,7558,4391,84.563,0.689,0.321,0.148,0.182,0.008,0.062,0.003,0.002,0.003,0.379,0.218,0.988
TIC 155479809,6462,3718,75.949,0.404,0.214,0.067,0.202,0.004,0.153,0.008,0.002,0.001,0.392,0.598,0.981
TIC 156376126,5024,3622,84.844,0.811,0.533,0.026,0.417,0.003,0.212,0.002,0.008,0.001,0.961,0.649,0.967
TIC 157889314,7329,5583,85.371,0.96,0.571,0.066,0.28,0.005,0.132,0.003,0.002,0.001,0.653,0.398,0.992
TIC 158113583,6958,4099,80.31,0.571,0.323,0.038,0.262,0.004,0.099,0.004,0.003,0.002,0.548,0.344,0.982
TIC 158393140,6375,3847,84.423,1.142,0.367,0.029,0.334,0.006,0.109,0.002,0.005,0.002,0.713,0.367,0.984
TIC 15893141,8481,3838,89.122,0.214,0.388,0.094,0.122,0.001,0.046,0,0.005,0.003,0.264,0.155,0.989
TIC 159069051,6572,4391,86.976,2.649,0.152,0.032,0.137,0.006,0.064,0.018,0.003,0.001,0.252,0.273,0.988
TIC 160065970,5759,3736,80.123,0.433,0.045,0.023,0.207,0.003,0.126,0.005,0.004,0.001,0.324,0.778,0.993
TIC 160228595,5956,4102,87.318,0.503,0.159,0.091,0.159,0.003,0.086,0.002,0.002,0.002,0.295,0.363,0.998
TIC 162694809,6574,4417,89.17,0.994,0.158,0.031,0.203,0.004,0.1,0.003,0.002,0.002,0.376,0.423,0.996
TIC 163008999,5990,5024,83.142,2.088,0.451,0.102,0.316,0.008,0.133,0.004,0.001,0.005,0.704,0.425,0.978
TIC 164544018,6223,4447,85.589,0.849,0.104,0.074,0.12,0.006,0.035,0.005,0.002,0.002,0.208,0.168,0.989
TIC 164557531,6425,5185,83.982,1.041,0.161,0.049,0.2,0.001,0.102,0.009,0,0,0.371,0.43,0.987
TIC 164674992,6053,4458,81.807,1.038,0.49,0.026,0.27,0.006,0.085,0.002,0.002,0.004,0.611,0.266,0.995
TIC 165371937,8171,6323,88.355,1.298,0.145,0.006,0.31,0.003,0.081,0.001,0,0.001,0.565,0.353,0.99
TIC 167746516,6429,4511,85.291,1.087,0.434,0.06,0.264,0.005,0.117,0.003,0.002,0.008,0.583,0.378,0.999
TIC 167747439,6438,3799,85.591,1.122,0.322,0.131,0.166,0.01,0.036,0.002,0.006,0.002,0.346,0.125,0.988
TIC 168851294,6987,4644,85.391,0.427,0.178,0.022,0.412,0.002,0.232,0.004,0.002,0.001,0.777,0.954,0.981
TIC 169573910,9276,7389,83.197,0.242,0.061,0.005,0.316,0.005,0.166,0.002,0.004,0,0.512,0.93,0.998
TIC 176910080,5857,3448,83.254,1.472,0.26,0.13,0.234,0.015,0.056,0.004,0.004,0.003,0.47,0.207,0.992
TIC 177823340,5287,4250,83.617,0.587,0.411,0.045,0.26,0.004,0.126,0.002,0.004,0.002,0.569,0.412,0.997
TIC 180761818,5870,3545,84.068,0.396,0.561,0.041,0.197,0.004,0.073,0.002,0.003,0.001,0.459,0.22,0.968
TIC 181226824,5474,3636,84.679,1.619,0.575,0.137,0.268,0.012,0.112,0.007,0.007,0.001,0.626,0.338,0.989
TIC 181862539,6713,6734,85.772,0.376,0.162,0.02,0.26,0.003,0.134,0.001,0,0,0.483,0.564,0.988
TIC 181862541,6469,6559,84.59,2.601,0.169,0.085,0.26,0.009,0.133,0.017,0.001,0.001,0.486,0.555,0.993
TIC 184318481,8047,4028,88.757,1.301,0.153,0.092,0.211,0.007,0.122,0.005,0.004,0.002,0.388,0.521,0.987
TIC 188378764,7152,4417,85.708,1.187,0.363,0.071,0.399,0.006,0.275,0.002,0.004,0.001,0.851,0.932,0.996
TIC 191477613,5409,3788,89.595,0.483,0.094,0.016,0.255,0.004,0.152,0.003,0.002,0.002,0.437,0.748,0.992
TIC 192990023,7677,6224,82.741,2.03,0.114,0.027,0.369,0.01,0.102,0.005,0.003,0.002,0.651,0.476,0.994
TIC 197766143,7628,4152,87.589,1.375,0.199,0.042,0.101,0.009,0.241,0.01,0,0.001,0.194,0.957,0.999
TIC 200363294,5045,3311,86.684,0.231,0.34,0.042,0.244,0.001,0.132,0.001,0.009,0.001,0.515,0.454,0.994
TIC 200363295,5279,3477,84.708,0.338,0.439,0.117,0.251,0.002,0.12,0.002,0.006,0.002,0.556,0.386,0.994
TIC 202601061,5476,3190,83.256,0.713,0.342,0.078,0.289,0.006,0.095,0.003,0.004,0.002,0.61,0.327,0.989
TIC 204497617,6348,3934,85.549,11.47,0.122,0.032,0.201,0.175,0.091,0.031,0.004,0.002,0.358,0.417,0.989
TIC 21371704,5917,4791,81.832,0.506,0.406,0.05,0.34,0.005,0.15,0.004,0.001,0.001,0.741,0.493,0.956
TIC 217587300,7163,4000,82.234,0.264,0.104,0.124,0.102,0.036,0.081,0.015,0.001,0,0.178,0.387,0.982
TIC 218210467,9146,5245,85.548,0.841,0.08,0.141,0.153,0.008,0.042,0.002,0.005,0.001,0.257,0.218,0.99
TIC 219699532,5920,3858,78.763,2.039,0.089,0.114,0.367,0.115,0.101,0.033,0,0,0.625,0.506,0.975
TIC 219840749,6382,6765,83.458,0.831,0.269,0.026,0.33,0.002,0.141,0.004,0.003,0.001,0.666,0.518,0.989
TIC 219912046,8090,3558,85.595,1.91,0.174,0.074,0.207,0.013,0.047,0.003,0.004,0.004,0.39,0.195,0.997
TIC 220042007,9072,6062,86.226,0.221,0.233,0.028,0.31,0.003,0.192,0.003,0.001,0,0.61,0.732,0.991
TIC 220430912,8868,6163,79.425,1.721,0.08,0.023,0.301,0.009,0.107,0.015,0.033,0.002,0.505,0.552,0.991
TIC 220521199,6530,4059,83.536,1.161,0.393,0.027,0.387,0.008,0.163,0.003,0.002,0.003,0.838,0.541,0.996
TIC 221849528,8171,4694,84.961,1.632,0.191,0.068,0.2,0.013,0.104,0.001,0.007,0.015,0.382,0.416,0.991
TIC 224293813,6408,6340,88.583,0.404,0.088,0.032,0.135,0.001,0.093,0.001,0.001,0,0.23,0.465,0.999
TIC 228809204,6280,5127,85.609,3.384,0.084,0.095,0.298,0.007,0.169,0.016,0.001,0.001,0.504,0.862,0.996
TIC 235594340,6118,5042,87.588,2.858,0.038,0.029,0.204,0.009,0.107,0.014,0.003,0.001,0.315,0.693,0.997
TIC 235598526,4967,4125,86.139,1.341,0.384,0.137,0.333,0.006,0.165,0.006,0.001,0.005,0.719,0.551,0.979
TIC 236973844,9438,5676,86.267,14.033,0.123,0.039,0.146,0.057,0.055,0.004,0.021,0.018,0.261,0.249,0.995
TIC 237332597,6664,3553,87.039,1.819,0.206,0.023,0.137,0.014,0.048,0.006,0.001,0.002,0.264,0.19,0.993
TIC 240812481,5980,3582,88.718,0.669,0.045,0.031,0.129,0.005,0.047,0.002,0,0.001,0.203,0.288,0.99
TIC 241013310,6519,4431,84.367,0.704,0.294,0.036,0.22,0.011,0.089,0.003,0.005,0.001,0.452,0.32,0.994
TIC 245132906,5491,4971,89.452,0.842,0.485,0.054,0.307,0.002,0.268,0.001,0,0.001,0.693,0.841,0.997
TIC 260376477,7983,3755,78.038,1.399,0.098,0.022,0.239,0.006,0.068,0.009,0.002,0.002,0.412,0.329,0.983
TIC 263930790,6860,6660,82.721,1.437,0.622,0.038,0.374,0.003,0.206,0.009,0.001,0.002,0.889,0.609,0.999
TIC 142443463,6064,4810,82.659,0.891,0.414,0.057,0.312,0.009,0.096,0.003,0.001,0.001,0.682,0.314,0.983
TIC 173180455,5326,4758,84.623,0.768,0.56,0.044,0.227,0.006,0.074,0.002,0.001,0.001,0.527,0.225,0.996
TIC 219173590,5815,3835,89.185,0.831,0.215,0.009,0.154,0.001,0.255,0.002,0,0,0.298,0.992,0.992
TIC 293083061,5346,4442,83.056,1.196,0.582,0.054,0.323,0.007,0.133,0.004,0.005,0.003,0.757,0.4,0.965
TIC 328860378,6377,5184,86.509,0.449,0.029,0.004,0.205,0.003,0.103,0.001,0,0,0.309,0.722,0.998
TIC 357999129,5751,4346,89.26,1.45,0.461,0.072,0.137,0.005,0.081,0.003,0.002,0.001,0.307,0.258,0.997
TIC 422252417,4975,3503,88.411,3.02,0.472,0.067,0.282,0.007,0.118,0.003,0.014,0.017,0.633,0.374,0.984
TIC 460099092,6503,4122,87.999,1.195,0.386,0.078,0.201,0.006,0.096,0.003,0,0,0.433,0.321,0.998
TIC 67807856,6365,4869,80.56,4.253,0.323,0.074,0.276,0.035,0.071,0.015,0.004,0.005,0.577,0.249,0.992
TIC 26656583,5212,3298,88.175,1.647,0.612,0.094,0.324,0.004,0.174,0.005,0.007,0.002,0.768,0.517,0.99
TIC 268383780,8366,5191,88.511,0.476,0.146,0.136,0.164,0.002,0.082,0.001,0.002,0.001,0.3,0.357,0.997
TIC 269059804,6660,3332,79.735,0.846,0.188,0.115,0.212,0.01,0.061,0.007,0.002,0.002,0.403,0.248,0.984
TIC 269746604,7124,5047,87.523,0.515,0.176,0.055,0.23,0.002,0.134,0.001,0.001,0.001,0.433,0.55,0.999
TIC 270204401,9194,4572,84.937,0.27,0.135,0.033,0.201,0.002,0.083,0.001,0.004,0.003,0.362,0.368,0.991
TIC 28157482,6345,4005,87.052,0.684,0.265,0.026,0.126,0.044,0.052,0.023,0.006,0.001,0.255,0.192,0.977
TIC 282051803,5957,3731,86.65,1.07,0.264,0.042,0.148,0.078,0.038,0.022,0.005,0.001,0.298,0.141,0.983
TIC 283881816,8807,4299,86.93,0.603,0.317,0.013,0.239,0.003,0.083,0.001,0.003,0.002,0.498,0.292,0.994
TIC 284892951,6735,3562,84.866,1.632,0.174,0.048,0.222,0.014,0.062,0.004,0.006,0.001,0.417,0.254,0.988
TIC 286380389,6776,4336,84.455,0.236,0.382,0.034,0.254,0.004,0.111,0.002,0.002,0.001,0.548,0.371,0.991
TIC 287669537,7286,3853,84.739,0.757,0.429,0.027,0.283,0.004,0.096,0.002,0.007,0.001,0.624,0.31,0.996
TIC 288502074,6644,5010,84.263,2.573,0.689,0.075,0.183,0.011,0.339,0.006,0.002,0.003,0.445,0.978,0.997
TIC 288502078,7079,5217,85.18,0.591,0.704,0.039,0.333,0.003,0.163,0.002,0.002,0.002,0.812,0.466,0.998
TIC 288882010,6328,4619,85.537,0.34,0.354,0.164,0.2,0.004,0.074,0.002,0,0,0.425,0.253,0.997
TIC 28942187,6976,4417,82.528,2.242,0.487,0.108,0.287,0.027,0.087,0.009,0.004,0.015,0.648,0.274,0.972
TIC 289564387,6323,3396,81.162,3.711,0.332,0.107,0.283,0.035,0.077,0.017,0.004,0.001,0.593,0.267,0.995
TIC 291145873,9096,5395,84.865,1.654,0.027,0.026,0.207,0.016,0.072,0.006,0.021,0.006,0.309,0.518,0.994
TIC 294059372,6842,4234,73.313,0.529,0.066,0.007,0.414,0.008,0.105,0.002,0.004,0.002,0.68,0.571,0.996
TIC 294206429,9345,6524,84.98,1.683,0.173,0.14,0.389,0.005,0.18,0.003,0.003,0,0.73,0.744,0.989
TIC 294930324,4676,4584,82.46,0.378,0.493,0.051,0.303,0.004,0.119,0.002,0,0.001,0.688,0.373,0.985
TIC 29778064,5347,3636,84.546,0.964,0.385,0.045,0.361,0.004,0.151,0.003,0.007,0.001,0.78,0.503,0.996
TIC 298337041,6980,4698,75.122,1.643,0.198,0.006,0.411,0.012,0.12,0.003,0.007,0.003,0.789,0.48,0.988
TIC 298415054,6593,3639,79.257,0.877,0.176,0.011,0.406,0.007,0.089,0.002,0.001,0.001,0.764,0.368,0.989
TIC 298421458,5824,4123,85.447,1.358,0.557,0.034,0.289,0.009,0.135,0.004,0.004,0.004,0.671,0.409,0.99
TIC 300012172,7111,5278,84.696,1.001,0.588,0.026,0.345,0.005,0.14,0.002,0.003,0.001,0.81,0.419,0.996
TIC 309828087,5938,3171,81.97,1.234,0.099,0.02,0.2,0.001,0.067,0.01,0.008,0.003,0.346,0.327,0.972
TIC 311070085,6336,3378,81.175,2.323,0.319,0.044,0.245,0.01,0.049,0.019,0.005,0.001,0.511,0.173,0.995
TIC 311268497,8275,5759,85.705,1.199,0.037,0.006,0.203,0.021,0.112,0.01,0.008,0.001,0.313,0.73,0.975
TIC 312865025,7167,7307,89.659,1.181,0.121,0.055,0.213,0.004,0.163,0.003,0,0,0.378,0.745,0.985
TIC 313027310,6147,4237,84.114,0.751,0.371,0.014,0.274,0.005,0.092,0.002,0.004,0.002,0.588,0.309,0.984
TIC 316769815,6450,3554,75.619,1.475,0.052,0.011,0.346,0.016,0.049,0.004,0.002,0.001,0.551,0.286,0.985
TIC 320524167,6428,4599,83.07,0.675,0.005,0.001,0.207,0.007,0.072,0.003,0.001,0.001,0.276,0.902,0.992
TIC 320539989,8829,4604,86.91,1.22,0.248,0.043,0.239,0.004,0.095,0.002,0.003,0.002,0.477,0.355,0.993
TIC 321981878,5515,3492,88.568,0.462,0.185,0.019,0.219,0.002,0.11,0.001,0.005,0.001,0.415,0.448,0.994
TIC 324936149,5789,5979,86.723,1.252,0.089,0.072,0.155,0.009,0.061,0.004,0,0,0.263,0.304,0.993
TIC 327785134,5700,4495,83.526,3.357,0.048,0.014,0.21,0.034,0.084,0.028,0.001,0.001,0.332,0.503,0.993
TIC 332210059,5135,3163,85.908,0.705,0.173,0.038,0.25,0.006,0.09,0.003,0.004,0.002,0.468,0.371,0.988
TIC 332600127,7868,4783,76.599,0.623,0.197,0.006,0.435,0.003,0.11,0.001,0.002,0.009,0.833,0.441,0.999
TIC 335265326,9064,6235,79.446,0.832,0.027,0.023,0.309,0.006,0.083,0.003,0.007,0.001,0.461,0.593,0.984
TIC 33665328,6363,3539,83.32,1.369,0.105,0.092,0.191,0.012,0.062,0.006,0.003,0.002,0.333,0.297,0.99
TIC 337886863,6155,4585,82.418,8.049,0.131,0.048,0.277,0.036,0.06,0.025,0.006,0.02,0.498,0.269,0.972
TIC 339397374,7667,5131,82.001,0.298,0.184,0.057,0.362,0.002,0.199,0.003,0.002,0.001,0.685,0.807,0.982
TIC 339570153,7859,5683,86.385,0.539,0.222,0.158,0.16,0.004,0.06,0.002,0.002,0.001,0.313,0.232,0.987
TIC 339607421,6271,3433,83.487,7.12,0.309,0.255,0.15,0.019,0.036,0.008,0.007,0.002,0.311,0.126,0.987
TIC 339680203,8258,5605,76.373,1.218,0.02,0.027,0.308,0.016,0.066,0.004,0.003,0.002,0.449,0.517,0.97
TIC 339752384,5703,3879,85.338,1.918,0.189,0.016,0.397,0.008,0.245,0.007,0.001,0,0.755,0.987,0.948
TIC 341549737,5809,3836,81.429,2.598,0.285,0.055,0.313,0.021,0.076,0.006,0.005,0.002,0.639,0.274,0.956
TIC 343127696,5824,5659,83.72,1.154,0.394,0.216,0.296,0.006,0.167,0.005,0.055,0.002,0.642,0.555,0.988
TIC 344123337,4848,4813,85.561,1.171,0.543,0.131,0.272,0.007,0.124,0.005,0.013,0.001,0.629,0.38,0.995
TIC 350738423,6551,5380,82.48,0.955,0.519,0.063,0.329,0.013,0.092,0.004,0.001,0.006,0.753,0.285,0.991
TIC 353077789,8470,3814,83.881,1.508,0.171,0.026,0.244,0.011,0.051,0.002,0.007,0.002,0.457,0.212,0.977
TIC 357790008,5455,4277,84.734,0.637,0.853,0.113,0.233,0.003,0.099,0.001,0.002,0.001,0.593,0.27,0.975
TIC 357979050,5904,4893,86.614,0.093,0.182,0.025,0.171,0.001,0.094,0,0.004,0,0.322,0.384,0.998
TIC 358018612,6497,6235,82.259,0.711,0.401,0.048,0.288,0.006,0.107,0.003,0.003,0.001,0.626,0.351,0.989
TIC 358232450,9381,8210,87.928,1.115,0.417,0.098,0.257,0.005,0.17,0.001,0.006,0.002,0.563,0.555,0.993
TIC 35880934,6814,3974,81.471,2.163,0.44,0.07,0.352,0.019,0.133,0.006,0.011,0.014,0.779,0.429,0.993
TIC 359579041,5165,4104,81.474,3.386,0.279,0.061,0.24,0.02,0.057,0.016,0.001,0.003,0.487,0.208,0.978
TIC 360325725,5768,4058,84.529,0.853,0.384,0.036,0.281,0.005,0.084,0.002,0.004,0.002,0.605,0.282,0.983
TIC 362115592,5820,5027,82.828,0.768,0.536,0.082,0.311,0.007,0.161,0.006,0.001,0.002,0.717,0.494,0.994
TIC 362443981,6536,4257,83.23,0.496,0.445,0.089,0.239,0.004,0.103,0.003,0.003,0.006,0.531,0.331,0.996
TIC 362970860,8868,7869,83.077,0.91,0.172,0.005,0.299,0.006,0.113,0.003,0,0,0.56,0.47,0.956
TIC 366517337,5890,4535,84.686,4.253,0.381,0.044,0.249,0.008,0.114,0.032,0.003,0.001,0.537,0.382,0.997
TIC 367198120,6346,6002,84.425,0.474,0.59,0.088,0.239,0.005,0.089,0.002,0.001,0.001,0.562,0.266,0.993
TIC 367515647,6574,4847,87.15,1.556,0.622,0.121,0.246,0.008,0.118,0.005,0.001,0.002,0.585,0.35,0.994
TIC 368779536,6549,3770,87.402,0.163,0.736,0.071,0.113,0.001,0.047,0.001,0.001,0.001,0.279,0.132,0.997
TIC 372759279,7840,6135,85.42,1.122,0.296,0.041,0.325,0.004,0.185,0.002,0.001,0.002,0.668,0.659,0.998
TIC 376935065,5339,4453,89.704,0.142,0.215,0.022,0.235,0.001,0.184,0.001,0,0.001,0.457,0.716,0.997
TIC 377192659,8842,6646,88.75,0.481,0.376,0.113,0.2,0.001,0.154,0.001,0,0.002,0.43,0.517,0.984
TIC 381009148,7072,3690,88.555,0.87,0.163,0.123,0.113,0.009,0.236,0.004,0.003,0.002,0.211,0.991,0.997
TIC 38215399,8133,3761,84.342,0.18,0.149,0.117,0.169,0.002,0.057,0.001,0.047,0.001,0.309,0.246,0.994
TIC 383427491,5670,5389,86.156,0.838,0.339,0.264,0.152,0.007,0.059,0.003,0.004,0.001,0.32,0.202,0.996
TIC 38467360,6084,3964,87.483,0.652,0.428,0.048,0.211,0.003,0.098,0.001,0.003,0.002,0.464,0.316,0.991
TIC 389015383,5937,3834,80.941,3.582,0.373,0.034,0.37,0.012,0.144,0.018,0.003,0.002,0.793,0.485,0.99
TIC 390554357,9092,7656,86.127,0.77,0.357,0.095,0.234,0.004,0.106,0.002,0.076,0.001,0.497,0.361,0.998
TIC 394006752,4456,3463,87.681,2.822,0.823,0.131,0.283,0.006,0.174,0.008,0.003,0.001,0.714,0.481,0.996
TIC 394517162,6919,4721,86.515,1.37,0.305,0.053,0.369,0.007,0.242,0.005,0.002,0.001,0.762,0.859,0.992
TIC 394914071,4094,3838,85.351,0.489,0.245,0.091,0.207,0.004,0.082,0.002,0.001,0.001,0.412,0.307,0.987
TIC 395833811,5533,4432,85.313,0.436,0.579,0.022,0.272,0.002,0.099,0.001,0.004,0.002,0.636,0.296,0.998
TIC 397184624,5345,4050,88.258,1.396,0.674,0.052,0.32,0.006,0.197,0.002,0.005,0.001,0.775,0.569,0.991
TIC 397412140,9084,4452,87.37,0.924,0.28,0.125,0.15,0.005,0.033,0.002,0.027,0.014,0.304,0.121,0.981
TIC 39826778,5780,4328,86.901,0.984,0.228,0.044,0.259,0.005,0.171,0.003,0.003,0.002,0.508,0.656,0.989
TIC 401498844,7505,4335,89.356,0.857,0.52,0.031,0.294,0.002,0.095,0.001,0.005,0.003,0.674,0.293,0.998
TIC 406947878,7839,6509,82.083,0.868,0.096,0.022,0.395,0.004,0.18,0.002,0.002,0.004,0.679,0.88,0.998
TIC 406949643,8546,6148,88.47,1.007,0.35,0.089,0.131,0.004,0.051,0.001,0,0.001,0.279,0.175,0.997
TIC 407064902,6690,3775,77.821,0.955,0.146,0.038,0.332,0.011,0.08,0.003,0.005,0.002,0.606,0.345,0.983
TIC 410245402,5741,3665,87.287,0.397,0.129,0.042,0.143,0.003,0.059,0.001,0.003,0.002,0.257,0.265,0.998
TIC 421718004,5101,3245,86.75,0.314,0.388,0.029,0.136,0.008,0.274,0.004,0,0.001,0.295,0.912,0.997
TIC 422246362,6566,3423,85.62,0.201,0.176,0.057,0.15,0.002,0.045,0.001,0.01,0.013,0.281,0.187,0.997
TIC 42244951,8505,6868,83.801,0.289,0.277,0.029,0.298,0.002,0.105,0.001,0,0,0.605,0.383,0.99
TIC 426452320,5095,3700,85.039,0.488,0.378,0.023,0.219,0.004,0.077,0.002,0.001,0.001,0.47,0.257,0.994
TIC 428987718,5330,4231,83.985,1.125,0.279,0.093,0.264,0.01,0.128,0.007,0.005,0.002,0.537,0.463,0.994
TIC 429864788,6370,5951,82.486,1.104,0.445,0.021,0.373,0.006,0.116,0.002,0.006,0.001,0.829,0.371,0.998
TIC 434380323,7434,5496,84.611,3.328,0.245,0.116,0.225,0.011,0.104,0.021,0.003,0.002,0.447,0.392,0.994
TIC 437241830,6432,4053,85.29,1.253,0.409,0.038,0.331,0.007,0.138,0.003,0.001,0.001,0.722,0.452,0.982
TIC 439698710,5474,3532,82.554,2.69,0.221,0.058,0.31,0.024,0.111,0.012,0.003,0.001,0.605,0.428,0.99
TIC 441224398,5768,4570,80.8,1.243,0.29,0.03,0.256,0.013,0.082,0.004,0,0,0.523,0.294,0.982
TIC 442567883,5341,3501,84.326,0.23,0.337,0.023,0.292,0.004,0.147,0.001,0.001,0.002,0.614,0.508,0.989
TIC 444833007,9298,5292,82.309,3.096,0.101,0.031,0.26,0.026,0.049,0.006,0.002,0.001,0.45,0.237,0.984
TIC 44550552,5560,4244,87.385,1.423,0.417,0.161,0.137,0.009,0.059,0.004,0.002,0.002,0.301,0.193,0.988
TIC 446195182,6428,5089,79.29,2.531,0.332,0.036,0.364,0.018,0.113,0.009,0.001,0.002,0.765,0.392,0.991
TIC 446544372,5962,5661,82.538,0.777,0.27,0.153,0.23,0.008,0.093,0.004,0.002,0.001,0.465,0.341,0.994
TIC 446550991,6184,4283,89.494,0.351,0.664,0.229,0.192,0.005,0.115,0.001,0.007,0.002,0.463,0.335,0.996
TIC 450089997,6428,5577,81.107,2.517,0.432,0.15,0.36,0.028,0.11,0.012,0.007,0.01,0.794,0.356,0.984
TIC 45309092,4912,3971,83.221,4.612,0.43,0.112,0.374,0.022,0.169,0.015,0.004,0.002,0.826,0.547,0.98
TIC 458993947,6527,3936,86.01,1.897,0.245,0.059,0.104,0.012,0.262,0.015,0.001,0,0.206,0.984,0.989
TIC 46106659,5998,4841,83.442,1.057,0.562,0.043,0.361,0.006,0.103,0.002,0.002,0.002,0.839,0.313,0.997
TIC 46379347,7095,4074,83.606,4.848,0.261,0.077,0.236,0.04,0.055,0.016,0.005,0.002,0.474,0.202,0.986
TIC 464283590,6124,3457,83.396,1.623,0.164,0.083,0.233,0.018,0.069,0.005,0.008,0.002,0.434,0.288,0.982
TIC 46776945,8215,6353,85.279,2.105,0.043,0.028,0.27,0.016,0.141,0.008,0.002,0.002,0.421,0.881,0.983
TIC 467832488,5767,3519,82.902,1.289,0.265,0.034,0.261,0.01,0.065,0.003,0.015,0.01,0.527,0.24,0.985
TIC 47066441,6047,3557,80.693,0.292,0.312,0.021,0.27,0.003,0.09,0.001,0.006,0.006,0.561,0.318,0.985
TIC 470984698,8977,4195,82.743,0.659,0.005,0.022,0.2,0.006,0.04,0.001,0.005,0.001,0.268,0.488,0.979
TIC 53729665,5175,4067,87.485,0.746,0.087,0.147,0.251,0.051,0.174,0.014,0.003,0.001,0.425,0.879,0.985
TIC 53963396,5122,3470,87.995,1.284,0.189,0.09,0.196,0.004,0.068,0.002,0.003,0.002,0.372,0.275,0.979
TIC 54856658,8652,7684,84.339,0.719,0.288,0.052,0.294,0.005,0.136,0.003,0.001,0.001,0.601,0.488,0.996
TIC 59354634,8867,6623,84.801,0.582,0.066,0.039,0.219,0.003,0.093,0.002,0,0.001,0.359,0.51,0.979
TIC 5981829,5938,4023,80.174,1.653,0.415,0.067,0.308,0.016,0.087,0.006,0.003,0.006,0.674,0.285,0.988
TIC 63006634,6346,5693,84.361,1.12,0.568,0.029,0.318,0.005,0.123,0.002,0.003,0.002,0.741,0.371,0.99
TIC 63785934,6201,3862,81.886,0.732,0.339,0.025,0.267,0.005,0.087,0.002,0.002,0.001,0.563,0.3,0.99
TIC 63818344,7069,4259,84.379,0.49,0.447,0.021,0.275,0.003,0.09,0.001,0.003,0.006,0.611,0.288,0.988
TIC 65323122,6404,3928,87.952,1.855,0.447,0.095,0.207,0.006,0.09,0.003,0.004,0.001,0.459,0.288,0.992
TIC 65448527,8662,6660,77.935,2.997,0.084,0.072,0.421,0.022,0.125,0.009,0.01,0.025,0.711,0.636,0.964
TIC 66493199,5098,3451,81.807,1.495,0.173,0.077,0.31,0.012,0.131,0.011,0.006,0.001,0.581,0.542,0.947
TIC 67515742,6370,5628,84.487,2.578,0.53,0.113,0.368,0.007,0.213,0.017,0.001,0.001,0.845,0.656,0.996
TIC 67949277,8119,3645,80.815,1.013,0.157,0.023,0.287,0.011,0.055,0.002,0.002,0.001,0.531,0.232,0.987
TIC 68032870,8366,5105,85.229,0.729,0.3,0.083,0.325,0.003,0.214,0.002,0.004,0.002,0.67,0.763,0.994
TIC 68756251,6738,5222,87.192,0.47,0.019,0.016,0.186,0.004,0.096,0.002,0.001,0.002,0.269,0.77,0.999
TIC 7211118,6323,4414,87.062,0.764,0.458,0.123,0.232,0.006,0.116,0.004,0.001,0.001,0.517,0.371,0.997
TIC 74528791,9058,7701,88.446,1.96,0.256,0.058,0.213,0.002,0.164,0.016,0.091,0.002,0.427,0.609,0.997
TIC 78692215,5397,4127,88.225,0.984,0.128,0.039,0.136,0.004,0.089,0.006,0.004,0.001,0.243,0.4,0.992
TIC 79403459,5004,4221,78.019,0.846,0.284,0.061,0.363,0.006,0.172,0.007,0.005,0.001,0.74,0.621,0.994
TIC 80650858,8868,6161,88.196,0.583,0.411,0.069,0.208,0.002,0.116,0.003,0.003,0.001,0.454,0.381,0.997
TIC 81702112,7045,5142,86.854,0.168,0.414,0.067,0.114,0.002,0.055,0.001,0.023,0.001,0.25,0.182,0.978
TIC 82459094,6811,4415,84.941,1.022,0.149,0.037,0.174,0.011,0.061,0.004,0.025,0.003,0.319,0.264,0.984
TIC 8624617,5701,4089,85.579,0.279,0.39,0.026,0.148,0.006,0.298,0.004,0.003,0.004,0.32,0.988,0.989
TIC 90349611,8013,7718,86.375,0.537,0.116,0.037,0.286,0.001,0.179,0.001,0,0,0.506,0.831,0.971
TIC 91638523,6184,3784,83.026,0.925,0.243,0.035,0.2,0.022,0.061,0.001,0.006,0.001,0.398,0.228,0.997
TIC 92902951,9183,5079,88.274,1.485,0.507,0.054,0.215,0.005,0.312,0.004,0.002,0.002,0.489,0.969,0.995
TIC 94229743,4887,3090,83.169,0.575,0.295,0.01,0.068,0.01,0.201,0.006,0.003,0.002,0.139,0.719,0.995
TIC 97486660,6126,5422,89.835,0.163,0.189,0.057,0.149,0.001,0.084,0.001,0,0,0.283,0.34,0.998
TIC 97807414,6964,5568,80.217,1.289,0.476,0.057,0.362,0.012,0.12,0.005,0.009,0.002,0.814,0.378,0.996
TIC 97919621,6121,3939,82.902,2.183,0.488,0.048,0.246,0.008,0.103,0.013,0.003,0.002,0.557,0.323,0.996
TIC 98974882,6369,3632,89.087,0.733,0.498,0.137,0.152,0.012,0.065,0.011,0.004,0.002,0.346,0.201,0.987
