name,T1,T2,incl,q,r1,r2,ecc,R2
LC-0A0P,11306.38295,10893.33174,84.02721762,0.280329046,0.291477069,0.092613722,0.037123231,0.9991
LC-0HXK,5567.220843,3727.970471,81.41217233,0.387526819,0.294301749,0.082896949,0.04941441,0.9985
LC-0K0W,10254.93925,5292.583396,84.99350604,0.462985106,0.313586911,0.104115892,0.090750133,0.9995
LC-0N8S,10622.52553,10627.24361,84.6303983,0.442207558,0.302289613,0.136600626,0.027465763,0.9999
LC-0NBS,12351.26527,9884.52307,81.23376221,0.707044825,0.29445756,0.090258539,0.005955109,0.9995
LC-0RB5,5630.054367,3989.758501,76.57698242,0.180679516,0.457902983,0.127679365,0.057055738,0.9988
LC-0WSR,7625.626511,6048.311854,84.13412699,0.271294835,0.4423328,0.139840579,0.078263041,0.9995
LC-0ZMR,10508.44167,7159.652327,88.55255252,0.590004607,0.347108108,0.233091429,0.015041955,0.9998
LC-1DUG,7117.946442,4153.756465,81.82806685,0.173130612,0.34420232,0.151545399,0.12168786,0.9992
LC-1E85,11669.30547,11978.90357,79.85607988,0.603242574,0.311389611,0.101662825,0.034581455,0.9995
LC-1NA0,11584.0106,6968.157083,83.5379615,0.359013567,0.399565178,0.172822592,0.062011456,0.9995
LC-1P3W,10694.06624,5267.346464,86.40558518,0.032384605,0.227517714,0.079348948,0.140229774,0.999
LC-1U9D,7392.472879,8353.83872,79.45615601,0.318503754,0.321099022,0.059022605,0.093265631,0.9965
LC-1Z27,5214.460807,5688.022258,79.54567015,0.749025154,0.377940516,0.148989635,0.018635282,0.9995
LC-236X,11764.12939,7038.139882,87.82416083,0.487078922,0.318356877,0.192350246,0.181162264,0.9996
LC-275P,4831.75742,4050.285818,86.81240882,0.055310649,0.329894003,0.076571815,0.150663549,0.9952
LC-2822,5303.360642,6249.291456,86.88633328,0.185069393,0.362371223,0.189556501,0.049297399,0.9997
LC-2FDU,3742.982783,4293.547491,81.54157393,0.064898132,0.506716229,0.125987291,0.134526799,0.9977
LC-2FHR,12104.07984,9564.929686,88.1514814,0.374323456,0.364064684,0.156194128,0.118103916,0.9995
LC-2G0D,7148.896064,6140.092698,84.5202079,0.084323285,0.451890775,0.144905177,0.014388331,0.9993
LC-2HE1,12006.25124,9967.345737,79.44144469,0.235828449,0.398358903,0.092980098,0.017233416,0.9991
LC-2TAE,10088.88382,10335.75492,88.18148974,0.092320014,0.252906268,0.086124512,0.06127909,0.9994
LC-2UME,6215.046488,7192.225522,84.33982763,0.216217962,0.401953856,0.15195272,0.05247131,0.9995
LC-308U,9312.661316,3894.872556,89.85981568,0.403372259,0.176455176,0.049798455,0.008218247,0.9976
LC-30GG,4934.038,4992.907794,85.22003941,0.316508839,0.429380194,0.087296111,0.110152178,0.9985
LC-37WC,7909.941582,6961.061951,81.12376436,0.638712207,0.367205402,0.08904697,0.018232945,0.9993
LC-3GYA,7619.586869,5187.660277,76.85957111,0.157803128,0.396170477,0.075161663,0.026582325,0.9976
LC-3LG4,6530.975286,4590.516721,81.7494207,0.552859997,0.325104864,0.084574737,0.134924282,0.9989
LC-3PQ8,10082.22061,7181.974676,84.00580015,0.110462658,0.378144817,0.167158127,0.028307773,0.9996
LC-3PVI,8686.774124,6032.744053,86.622519,0.557820429,0.284382971,0.141323108,0.005919676,0.9995
LC-3QSX,6063.92446,4627.004394,75.91692843,0.238773087,0.380503448,0.095958071,0.137866967,0.9986
LC-5CQW,9751.705539,8305.350394,89.86294884,0.004470293,0.454045995,0.09134122,0.059747761,0.9972
LC-5ET1,8892.92108,5854.796822,85.85878596,0.306365567,0.288374856,0.154917945,0.023242635,0.9992
LC-5J8A,4922.59076,4259.688415,83.14781301,0.021283155,0.325787117,0.151812306,0.063932246,0.9993
LC-5JV2,9398.323724,6637.050407,86.55667523,0.189518925,0.280116569,0.147680023,0.030827043,0.9997
LC-5N2P,7230.877796,5944.027958,83.72161338,0.417227174,0.31007831,0.130908648,0.02550899,0.9993
LC-5PWI,8270.285337,9298.69747,82.73777956,0.109524438,0.294005808,0.123560992,0.058864128,0.9995
LC-5RLW,10241.55251,5500.170249,85.01544213,0.706754115,0.26353592,0.121078076,0.061953661,0.9994
LC-62K8,10202.26287,5546.867528,86.01853885,0.38210873,0.390510885,0.208533906,0.031486248,0.9998
LC-6AFT,10601.76993,6310.090528,83.45613399,0.698342394,0.277873258,0.069853498,0.135603328,0.9991
LC-6CVI,10537.66152,9311.774863,88.50695803,0.38586435,0.350770332,0.213593802,0.109538864,0.9995
LC-6KIG,10644.21354,9422.51199,76.35910115,0.044519794,0.579763885,0.091508462,0.158925273,0.9966
LC-6NB9,11914.46996,10826.04381,84.18463942,0.657820123,0.260754316,0.086733022,0.100586644,0.9988
LC-6YQA,8625.790188,6674.079359,82.45928568,0.511373761,0.274200311,0.040468339,0.067667874,0.9973
LC-70EZ,7417.215598,4504.162237,89.2763509,0.476463533,0.220603398,0.059030456,0.054438448,0.9981
LC-74H0,8896.820487,6289.098666,82.60119739,0.577807078,0.276360473,0.108248963,0.044180877,0.9993
LC-7BRU,11451.85649,6790.651608,83.44683092,0.310092893,0.204991023,0.074150129,0.077606045,0.9988
LC-3WXU,6625.426679,3604.749978,85.01278214,0.833588063,0.034425458,0.142042703,0.026462258,0.9997
LC-45FL,6659.200975,7074.064361,82.65127281,0.730357393,0.364096866,0.116727797,0.079440768,0.9995
LC-4B4L,6378.886433,4896.656329,80.02886122,0.308843978,0.394249018,0.18277427,0.00459373,0.9996
LC-4I1D,8806.527299,6025.435063,87.63393492,0.466389323,0.368738871,0.184207606,0.090753838,0.9997
LC-4O9P,10165.31883,9894.669785,75.98869022,0.065498701,0.532412908,0.169232345,0.020217642,0.9991
LC-4OT2,10355.86548,6241.272275,83.7514805,0.582707713,0.334535881,0.13232067,0.005439789,0.9995
LC-4PTQ,4025.928809,4463.24122,82.23865752,0.571964433,0.35779483,0.063139545,0.04549496,0.9988
LC-4PWX,5198.043869,4790.080365,82.88584984,0.228534157,0.360456014,0.082514154,0.001510457,0.9967
LC-4Q5P,9427.392721,6084.928385,84.93889783,0.601854813,0.351331398,0.138984018,0.009025584,0.9998
LC-4RCO,11840.6289,6510.845095,84.05350967,0.144298559,0.350243178,0.116651118,0.073694442,0.9988
LC-4TG4,10577.45987,11639.59117,89.32762792,0.23287498,0.270509547,0.181127545,0.010785727,0.9998
LC-4VEC,5800.277915,6597.774936,85.20916446,0.614915996,0.245353438,0.084540072,0.093583057,0.9994
LC-4X6D,4288.361662,4487.498201,83.54370237,0.20680154,0.403922984,0.116212394,0.09654258,0.9985
LC-4YQ8,8179.166492,6084.082552,88.61249359,0.077075784,0.420403086,0.121410406,0.08044483,0.9983
LC-4ZEC,7348.82919,6594.375284,86.63456866,0.725657214,0.302178172,0.183949555,0.039506337,0.9997
LC-50F3,3607.591528,3696.142255,84.41501455,0.073742193,0.33101354,0.086640346,0.075618733,0.9985
LC-57E0,7149.622639,5711.295352,83.99852969,0.503658484,0.332197684,0.117266448,0.120203428,0.9994
LC-58ER,12447.61936,10830.61769,79.84370496,0.095154821,0.412835701,0.139365512,0.168772844,0.9985
LC-59JV,12358.76041,9903.491069,82.08341738,0.376135451,0.403884853,0.105479417,0.024340879,0.9995
LC-5B0W,5408.357861,3848.445648,84.85503455,0.714531399,0.300684693,0.173916898,0.008078191,0.9993
LC-23DW,8633.049096,6451.537629,83.62485937,0.645556184,0.273048373,0.11182695,0.049875496,0.9992
LC-3U8U,4249.569729,4848.799544,86.88115361,0.729167435,0.255241958,0.073232373,0.090069174,0.9984
LC-5CP3,5070.193042,5911.1438,86.70057659,0.171947231,0.37289492,0.139376778,0.070406597,0.9988
LC-7BW8,4261.346231,4484.131151,86.16470087,0.893570611,0.26013363,0.146824495,0.134000801,0.9994
LC-99FG,7910.732237,9260.318984,87.34566477,0.638973686,0.377026741,0.276764682,0.057334097,0.9998
LC-CFGC,4224.478642,3859.608156,75.16687764,0.49574414,0.381413416,0.042117749,0.031116985,0.9987
LC-DXIF,8554.714485,6728.820686,82.85936745,0.711627364,0.299893329,0.145071138,0.011832508,0.9997
LC-FJOW,10031.9859,9784.451948,89.45103744,0.35971024,0.327665878,0.214938542,0.007581134,0.9998
LC-HY02,11542.506,7867.242287,86.7682712,0.74618362,0.294594566,0.153014978,0.010964722,0.9998
LC-JX0U,8832.748303,6729.484369,85.92258866,0.825271215,0.249236614,0.095934118,0.016959779,0.9991
LC-LQDA,5831.977798,4496.007434,85.14476588,0.314698384,0.360820007,0.225918248,0.050181825,0.9998
LC-NZ8X,4141.747959,4493.4259,89.43126609,0.119465957,0.426873225,0.188439011,0.146104113,0.999
LC-RME4,6332.655228,4629.168355,84.1097956,0.093731508,0.254188067,0.127813449,0.071806636,0.9995
LC-U2WI,8161.726253,7309.747634,81.68325287,0.004205534,0.337010233,0.074109235,0.103605482,0.9974
LC-XEI3,8638.183536,6689.537299,77.35311829,0.105004827,0.509165433,0.162078757,0.029813852,0.9993
LC-S6E4,10070.49552,7998.014938,84.05772396,0.174158741,0.294941673,0.171143876,0.017017237,0.9996
LC-S7YX,6290.223651,6348.875693,89.33905034,0.11997863,0.232879017,0.101090623,0.035336153,0.9989
LC-S8GS,7823.247415,5186.850227,80.01143462,0.147717813,0.481480611,0.200986455,0.022865451,0.9997
LC-S9WP,4101.637912,4143.748443,86.86059983,0.238111971,0.400776212,0.139983,0.06766129,0.9987
LC-SC3J,6280.769111,5750.166521,82.55041017,0.441547293,0.328663113,0.078488641,0.043224671,0.9987
LC-SDLZ,8876.717966,6978.182414,80.52559473,0.047729485,0.34661572,0.119074511,0.033277793,0.9983
LC-SIOA,12483.1445,11420.36522,82.99055578,0.525838712,0.332814927,0.068716055,0.038552789,0.9989
LC-SJUH,4352.689215,4763.315482,88.01121234,0.608976601,0.357790941,0.229875057,0.012913195,0.9996
LC-SPRO,7407.310847,4848.011188,84.89053468,0.06940837,0.283397225,0.150038281,0.149990932,0.9997
LC-SSIV,10834.75771,9340.748069,78.73157404,0.838670352,0.344859258,0.042108261,0.107069081,0.9994
LC-TAXD,5257.958115,4827.578261,86.68672332,0.368082285,0.337567365,0.069774367,0.067742476,0.9978
LC-TJCS,9619.990056,8965.619001,87.13206709,0.229146003,0.296264008,0.169960018,0.02149549,0.9998
LC-TZ1C,8422.734349,4331.593345,85.27923464,0.064669953,0.242797651,0.116396822,0.031534334,0.9993
LC-U118,4660.003168,5181.862844,84.34483576,0.383058653,0.291784126,0.082188966,0.112641037,0.9987
LC-U1HE,11280.28123,10312.99934,89.36773878,0.416330381,0.234588705,0.102209952,0.020604956,0.9996
LC-7CV9,9412.918706,9241.769882,85.92605147,0.649256119,0.304563065,0.143212871,0.162351044,0.9997
LC-7DQ0,4514.814237,3764.23136,80.5066655,0.569642863,0.382320914,0.111558808,0.009415927,0.9994
LC-7F3J,8484.872804,7958.844634,85.72894924,0.200340538,0.373403069,0.162696035,0.103462886,0.9996
LC-7IJI,7082.386295,5506.695583,86.27679765,0.40944657,0.250030807,0.09734343,0.05026777,0.9983
LC-7KCR,7002.497003,7412.896749,81.44979056,0.02309478,0.531683205,0.15289774,0.028829988,0.9982
LC-7XC9,10531.41903,7226.829497,85.30183281,0.651366608,0.376148736,0.21819491,0.090423887,0.9998
LC-7YEZ,11328.26915,8102.175369,86.24530356,0.367916921,0.207835775,0.096289397,0.055436021,0.9995
LC-82GK,5021.31007,4309.734591,78.34892244,0.608151519,0.369037793,0.100200329,0.038065308,0.9991
LC-82WF,4176.947733,3674.3786,72.45388794,0.067742797,0.570352464,0.125620504,0.041327724,0.9979
LC-83BW,10823.4428,6385.147858,78.40541777,0.286694021,0.32229047,0.069730752,0.05627955,0.9979
LC-87D8,10884.84432,5892.160361,80.29449389,0.0412974,0.342240684,0.110081378,0.087696201,0.9993
LC-89CO,6651.31081,5379.205326,85.20822257,0.164502106,0.39710629,0.151761501,0.042087196,0.9985
LC-8HZS,8942.605994,9352.129218,84.83542439,0.528595742,0.265213439,0.066604048,0.00338545,0.9989
LC-8U3T,8835.127665,8892.098502,80.65547919,0.033906749,0.313019755,0.121210429,0.108123153,0.999
LC-93HD,7124.138011,4965.573684,84.38489725,0.414738658,0.282363146,0.114552,0.007047268,0.9996
LC-98Y7,11923.8835,6230.228997,80.60696878,0.007759991,0.382938392,0.113502465,0.058506817,0.9988
LC-9CIK,8979.125745,10127.64013,87.00601801,0.39459832,0.251764466,0.159004933,0.108062359,0.9997
LC-9HPX,7074.745603,5267.982511,86.15236239,0.923204965,0.265167704,0.08750224,0.062176891,0.9992
LC-9HRO,5400.090562,4525.919077,80.35700585,0.513908864,0.321074863,0.094114349,0.019401543,0.9992
LC-9YB2,6318.777215,4539.965113,80.15088843,0.558857296,0.370031176,0.107810985,0.123652829,0.999
LC-9YGT,12180.58738,11178.54023,87.99778525,0.255265803,0.263283663,0.119101208,0.031058546,0.9996
LC-9YW3,7708.853151,7204.895463,85.80302648,0.474193743,0.391137194,0.162487536,0.098218472,0.9992
LC-A1IP,7270.331624,7851.322951,89.01331023,0.786805269,0.227948316,0.157420281,0.023564085,0.9996
LC-A20H,11884.53495,6987.258607,83.33158991,0.151530724,0.343792741,0.152046719,0.018596756,0.9996
LC-A5WF,9564.600083,5007.472492,87.73148167,0.088152124,0.211674976,0.12839953,0.125727682,0.9995
LC-AGCL,9678.276585,5392.076274,86.56825973,0.031887238,0.247635458,0.119969285,0.007345383,0.9996
LC-AGEZ,11928.39929,6151.921697,81.64119075,0.212058494,0.332021281,0.078723977,0.162722244,0.9983
LC-AW27,11424.02296,6102.846031,86.6043206,0.545044234,0.345975571,0.160655471,0.022963841,0.9997
LC-B6SR,4580.104869,3959.607928,83.83525129,0.526544019,0.336020362,0.189143545,0.110918099,0.9995
LC-BE4I,9347.146997,6763.632219,81.24255917,0.048449494,0.299448631,0.091672236,0.045553841,0.9989
LC-BT2F,4757.899205,4754.108766,87.72219012,0.874198009,0.349020835,0.154442068,0.021334653,0.9994
LC-C58U,8926.668975,8194.811387,88.58517861,0.660460771,0.28027039,0.173898527,0.038325041,0.9999
LC-CGNS,7588.189774,6026.844679,82.19662563,0.637537994,0.319474247,0.136515953,0.064679812,0.9991
LC-CIVM,7558.175612,8250.29215,86.22510023,0.17043441,0.227254244,0.089281028,0.086235091,0.9996
LC-CJC8,11264.33261,7616.295531,88.57300388,0.09450816,0.199040495,0.102860156,0.103041174,0.9996
LC-CL8E,9627.434034,6357.574228,81.51018481,0.221011087,0.277475289,0.114854707,0.006846373,0.9995
LC-CRL2,5069.143061,3992.314191,84.37257425,0.0864338,0.426874216,0.167985215,0.11066773,0.9988
LC-CTAD,8687.480993,6571.102389,78.98882805,0.679031333,0.341370242,0.113956882,0.123074171,0.9995
LC-D54O,9232.061657,5992.278022,81.5946377,0.224188857,0.381533039,0.201351414,0.081852165,0.9997
LC-D64Z,5478.827643,5490.081883,86.97507234,0.059498518,0.267056235,0.155343113,0.030922317,0.9996
LC-DDLP,6701.602795,4989.176923,77.83990939,0.271864935,0.431278829,0.143891923,0.011505263,0.9996
LC-DEZA,5754.833708,6713.57638,82.68588477,0.197288498,0.423603573,0.236762557,0.002899876,0.9997
LC-DFVB,10907.37023,9639.750714,77.20490045,0.137846224,0.461231755,0.168475951,0.085185102,0.9995
LC-DG3E,10266.16022,8342.0004,89.24560452,0.307799286,0.402911361,0.181360821,0.006723887,0.9998
LC-DIME,7794.656309,7312.168425,84.8545447,0.2974236,0.321636151,0.076768411,0.121743733,0.9983
LC-DNLH,6640.29163,4834.511752,87.06239087,0.28194245,0.386329499,0.13640684,0.029850456,0.9984
LC-DTIC,8810.501912,9240.434831,86.98766641,0.5503859,0.35073978,0.198084984,0.038171164,0.9999
LC-DXQE,5534.079619,6350.880535,74.83333293,0.085663717,0.534168113,0.154221801,0.039565391,0.9995
LC-E64A,10809.76179,6360.427354,80.90927932,0.451172741,0.35890427,0.100655846,0.106562893,0.9992
LC-E827,5209.871486,4804.142444,86.36781604,0.882529177,0.25850273,0.140956252,0.051791896,0.9995
LC-EH83,4827.183565,5544.801523,81.01923069,0.309403834,0.32930414,0.087729089,0.014592728,0.9975
LC-EHGS,5124.973208,3853.805912,82.31955588,0.105196105,0.391236961,0.147128188,0.030512909,0.998
LC-EMWL,8206.522875,5880.310068,86.32403403,0.162083586,0.303308077,0.092160202,0.027316935,0.999
LC-EPAZ,10491.249,6290.625926,84.54849286,0.300642546,0.275407058,0.110247182,0.053617741,0.9996
LC-EW07,4685.902866,3964.408331,85.47392692,0.228284943,0.326520386,0.210056378,0.141234219,0.9996
LC-F1L5,11435.86504,7360.573116,86.87150774,0.265135158,0.312891985,0.067558896,0.127251901,0.9988
LC-F2MW,4296.740883,4340.5779,89.49715676,0.176459641,0.410322571,0.094015053,0.088623328,0.9978
LC-F4DQ,8881.955873,7528.576948,82.8666869,0.151031167,0.379531554,0.191040198,0.001492802,0.9997
LC-F5CN,10689.5415,11112.50996,82.6600544,0.127045258,0.501767166,0.207464074,0.005348324,0.9997
LC-FCWI,8380.138331,8726.298853,86.11943333,0.71054074,0.3264973,0.16169511,0.084174598,0.9994
LC-FDI4,9169.257513,8926.766027,84.60993393,0.286170284,0.262055413,0.0590202,0.091566683,0.997
LC-FEBF,12375.63725,8016.402909,76.48943652,0.084313016,0.520420096,0.13727416,0.087875499,0.9988
LC-FETZ,4308.580409,4915.914463,87.0839479,0.007599325,0.501755121,0.080420077,0.042171549,0.994
LC-FK0Q,5085.365413,5400.918891,88.02687232,0.14259495,0.426256386,0.193082894,0.029535287,0.9995
LC-FO7Z,5360.128065,3707.35002,84.46598212,0.732753827,0.214750301,0.067109181,0.093863657,0.9984
LC-FY51,7894.739024,4712.422909,83.37833083,0.583718214,0.316777145,0.053456636,0.04546406,0.9981
LC-G6CK,10511.39411,7400.855132,84.47744604,0.196016363,0.323690688,0.194252688,0.089569036,0.9996
LC-G8MG,6545.372682,7288.111806,82.06173716,0.234638332,0.318469735,0.09424756,0.021010261,0.999
LC-GFAZ,9288.594427,10623.96181,89.23964403,0.465042237,0.327520933,0.128861055,0.040372515,0.9993
LC-GUVY,7937.761784,6020.776754,81.00399855,0.305083159,0.423635518,0.167061778,0.020596854,0.9995
LC-GYIP,11632.08008,7757.970414,86.1470411,0.6750229,0.191924397,0.058358969,0.01700812,0.9983
LC-H7A9,3771.116536,4042.663007,82.9944829,0.459628617,0.342781249,0.077656028,0.040713229,0.9986
LC-H955,8451.648364,6140.58706,84.19310951,0.694137968,0.356220031,0.145529234,0.069161049,0.9998
LC-HE5T,6728.661161,7569.802945,86.78828647,0.133089231,0.383125081,0.154774909,0.038715964,0.9994
LC-HI00,5371.697387,5429.159066,78.48587784,0.131173663,0.388537073,0.134346745,0.01258844,0.999
LC-HK1R,5454.552541,3997.727733,83.21211638,0.025455529,0.312726479,0.097319326,0.033769687,0.9984
LC-HMSA,6261.411899,5451.880682,89.27830065,0.198060744,0.354649162,0.070286631,0.07024767,0.9969
LC-HTT3,6424.139664,6718.913812,80.3587645,0.342080872,0.398834866,0.143878493,0.002359884,0.9981
LC-HUMH,4608.984141,5656.658766,83.84226272,0.21326163,0.26147704,0.065195807,0.024019624,0.998
LC-IAC1,6398.018001,7313.753447,89.49625006,0.814012494,0.319649869,0.204143057,0.004250263,0.9998
LC-IEQG,9723.032517,7171.861921,81.9002004,0.285922291,0.455788403,0.251261895,0.037978654,0.9998
LC-ISQL,5555.40301,4973.741889,84.4638381,0.285647658,0.44301962,0.232744709,0.096877274,0.9996
LC-J063,9625.023451,10250.47434,81.24486743,0.277721341,0.408419186,0.192133421,0.019868658,0.9998
LC-J8ZD,10957.99313,8227.086653,79.65320086,0.350865672,0.410114678,0.163620858,0.005318232,0.9997
LC-J90Z,10160.9839,11501.39616,84.00932961,0.261533146,0.302123837,0.053472409,0.007032061,0.9973
LC-J95Q,10275.50209,10296.84551,78.32987013,0.200859156,0.452049674,0.155409833,0.028911442,0.9994
LC-JC1S,12383.30573,6679.861038,83.24255468,0.656658706,0.362783126,0.189573296,0.021451611,0.9995
LC-JC5L,6845.422756,7316.475963,82.53204777,0.28561414,0.310559603,0.152284,0.020314303,0.9997
LC-JC7H,5837.788074,6204.492372,82.71629638,0.423836732,0.330292589,0.130537411,0.063605358,0.9992
LC-JED0,9539.098879,10015.28746,79.71152646,0.103678799,0.434647347,0.12724695,0.114085859,0.9984
LC-JFJR,8362.069573,5708.866404,83.44711244,0.083339779,0.342296146,0.155843045,0.089191403,0.9995
LC-JLCS,4928.834826,5586.165884,85.12324715,0.669722648,0.104223043,0.26565698,0.05159074,0.9988
LC-JTLQ,4759.067642,4895.903314,83.45295133,0.904554419,0.335152725,0.146608768,0.043952411,0.9994
LC-JUUI,8804.706866,5585.214704,86.78024876,0.347367946,0.388469335,0.286226273,0.023222788,0.9998
LC-JV8D,6232.116207,3833.084216,81.17737263,0.815320545,0.348974556,0.119286521,0.092189489,0.9991
LC-K750,4813.729229,5080.445674,85.648077,0.195421019,0.41993985,0.224597943,0.030577506,0.9996
LC-K9S9,10551.96738,5663.176464,79.74594857,0.853814266,0.333774206,0.116916426,0.043961177,0.9998
LC-KAMJ,10321.25687,7840.554486,81.00462255,0.225395344,0.320537328,0.09128029,0.118225832,0.9979
LC-KGZ2,11096.24323,12015.07784,86.68643349,0.167568923,0.373975664,0.178534914,0.075864709,0.9996
LC-KH4P,11193.77881,7748.041505,80.62462988,0.407697531,0.389904766,0.148077166,0.070876113,0.9997
LC-KIE2,6436.82837,6157.190923,84.39638764,0.058211902,0.297332269,0.103559856,0.088651832,0.9986
LC-KINU,6283.730255,6793.528346,80.10591794,0.170934613,0.331734794,0.131518873,0.03959718,0.9994
LC-KJVF,10547.53141,12198.26279,86.11868713,0.583813418,0.309230739,0.112016166,0.225792728,0.9992
LC-KMPR,6582.05591,5536.165867,77.53436564,0.794489086,0.365504637,0.091365417,0.031318352,0.9992
LC-KMPW,11754.85206,9042.590567,88.31737292,0.109300704,0.327172073,0.155201226,0.076781874,0.9992
LC-KO9I,7685.901349,5071.072372,85.86744333,0.131434672,0.306491959,0.105572332,0.162984684,0.9989
LC-KV15,11301.75293,5721.010836,85.14678712,0.070441892,0.269836125,0.132559343,0.104739509,0.9997
LC-L3I2,8667.590758,8024.532756,84.08542713,0.440568727,0.39283329,0.195727176,0.030199438,0.999
LC-LCWW,6419.289491,6379.929157,87.28167654,0.192267223,0.25298193,0.128191846,0.000787823,0.9987
LC-LGQK,10646.55504,9271.325407,81.47196851,0.085851351,0.333547061,0.141646484,0.090707277,0.9992
LC-LHNN,6650.910351,4371.492055,79.3521089,0.174509928,0.352237061,0.136019906,0.019744603,0.9942
LC-LTJA,9585.489754,7154.080765,83.58087641,0.194789699,0.35105534,0.116153006,0.027310371,0.9993
LC-LVKU,7044.896087,5285.645801,79.92400451,0.21413724,0.368213618,0.167878075,0.006208564,0.9995
LC-LW8P,12306.43468,9434.536334,86.81274625,0.19578648,0.406323693,0.216426188,0.063105119,0.9992
LC-LXI8,11302.68421,8027.36465,88.29742199,0.169122329,0.254066594,0.153434242,0.018827572,0.9996
LC-LYVT,11237.22928,6940.207177,84.87228147,0.014878484,0.341309318,0.084080371,0.054106995,0.9981
LC-MHI7,12432.52761,11425.47635,87.91227018,0.306790382,0.208576875,0.138393156,0.009214578,0.9999
LC-MJDJ,5507.269912,6418.40784,82.2502429,0.551326068,0.339856672,0.058965457,0.020960713,0.9989
LC-MRFS,8873.314686,7759.57893,86.55025482,0.536894072,0.328108553,0.220189162,0.098211933,0.9995
LC-MX8X,11025.60202,10937.82543,81.37014585,0.653037953,0.380408913,0.092419234,0.015627285,0.9997
LC-N8Z2,11434.25284,6699.816164,78.94696267,0.261644367,0.372700688,0.06305023,0.02251595,0.9987
LC-NCBW,8856.83143,8228.882357,87.38865236,0.543652915,0.348359829,0.21848067,0.004053683,0.9999
LC-NDPB,8154.233841,6369.197055,84.70515472,0.064716842,0.341885886,0.094642748,0.048732305,0.9985
LC-NL8U,4671.354715,4567.442468,84.88739213,0.314990581,0.354339051,0.194533771,0.024241465,0.9994
LC-NLY7,11775.46703,7796.553135,86.04673208,0.233345989,0.380261538,0.262382184,0.059577573,0.9994
LC-NNIN,8714.752061,7385.660014,89.7229628,0.318127591,0.214335365,0.153480535,0.013773083,0.9999
LC-NPZC,10736.8757,9660.910629,81.02015734,0.677890415,0.31289623,0.103853359,0.047563474,0.9993
LC-O1MS,12365.25516,8413.111627,85.25892766,0.319327475,0.398526082,0.137675995,0.104862093,0.9995
LC-O5UB,6859.798477,7727.32962,84.89393384,0.126345697,0.399523003,0.088656412,0.105015444,0.9978
LC-ODR8,11301.49572,7707.70321,86.15727326,0.487994811,0.289568027,0.095349565,0.00161258,0.9995
LC-OPYR,5835.517162,5078.010056,79.2968373,0.514789434,0.327527716,0.063496657,0.04631506,0.9977
LC-OWYN,7208.896583,5559.698594,71.68052239,0.017767812,0.426311763,0.099765519,0.060549057,0.9969
LC-OZII,4558.426198,3932.208788,85.34819884,0.16851939,0.353496742,0.189937423,0.055552847,0.999
LC-P55R,8005.03111,7226.919424,84.32206977,0.289720989,0.326378648,0.199945471,0.143459205,0.9996
LC-P6X9,4908.58408,3864.125203,84.19064805,0.469592188,0.408466448,0.198715987,0.062621681,0.9997
LC-P7SX,8684.242014,6020.068759,82.48281878,0.460090724,0.357747947,0.101905831,0.032325207,0.9992
LC-PD51,5328.369592,3826.247652,80.02421081,0.718491213,0.298168346,0.098213205,0.008595681,0.9994
LC-PNXZ,8432.896271,6384.992687,87.10469962,0.085566806,0.355464456,0.069860814,0.105769695,0.9967
LC-PWDO,11043.21788,11856.6385,78.22122131,0.570179366,0.324851628,0.063975723,0.065027682,0.9991
LC-PWUA,11139.92228,9986.52728,88.47375634,0.217231768,0.381285109,0.092037713,0.08302927,0.9991
LC-Q1ZG,7213.249382,6794.846258,84.52636026,0.685234827,0.382173487,0.189838193,0.04938224,0.9997
LC-Q3IS,10656.13953,6182.695782,87.93789102,0.114238649,0.378811229,0.138029576,0.14267362,0.9994
LC-QF7G,10622.24905,12464.18071,80.44303821,0.117130079,0.395618116,0.173016237,0.063388946,0.9996
LC-QI6Y,6650.588163,6977.530159,81.13318346,0.00175738,0.338622214,0.070575355,0.012064769,0.9962
LC-QKGD,10103.89805,11506.04969,80.61571276,0.257031582,0.41467973,0.165289131,0.028729268,0.9999
LC-QL9N,10203.09142,5115.94532,88.61253647,0.011860288,0.203382364,0.042441019,0.070639987,0.9963
LC-QSQM,11166.31533,6647.621577,87.54203434,0.22691148,0.24203444,0.172480851,0.040119,0.9998
LC-QSTM,9849.213326,4581.251367,86.69494836,0.011116478,0.291355801,0.078859288,0.10675394,0.9973
LC-QWPH,10663.95252,6948.970924,78.61323234,0.560121515,0.331559576,0.063339837,0.061238092,0.9993
LC-QX8M,10490.47487,7814.878989,86.30907614,0.196477937,0.286829643,0.174271799,0.002320082,0.9997
LC-R0WP,6559.857812,5747.634158,85.07160309,0.771280191,0.359750015,0.162591729,0.024736959,0.9992
LC-R1QY,11903.20516,6801.781358,89.13617977,0.162138459,0.24361359,0.093650455,0.102584315,0.9984
LC-REKZ,6584.456271,4508.69163,79.13336324,0.252525021,0.378068243,0.090810621,0.119269844,0.9982
LC-RIZ5,7139.106583,4814.073391,85.1283594,0.171223183,0.303497881,0.137112365,0.031945616,0.9996
LC-RJR9,6380.838415,5166.834463,76.12341762,0.021947453,0.438132081,0.093625019,0.052254269,0.9967
LC-XFOU,4065.905229,3797.122526,84.29114038,0.326416912,0.247007607,0.092683146,0.04118614,0.9983
LC-XJVT,12192.89485,8811.008558,87.8579525,0.574327871,0.249749619,0.166217928,0.072209772,0.9998
LC-Y6S2,10637.22222,10406.56591,85.43439616,0.556000895,0.359947435,0.141778326,0.014438796,0.9997
LC-Y6SH,8813.722179,8219.747137,80.69385252,0.607695995,0.369580857,0.10610373,0.05232848,0.9997
LC-YL4V,7380.298274,8302.536624,88.40600739,0.184776876,0.217347463,0.101322057,0.01314124,0.9997
LC-YO20,11237.82396,8029.283101,87.98098146,0.139112956,0.305791509,0.165126122,0.06177656,0.9996
LC-ZC8N,11007.07462,9210.500492,86.10536791,0.602713221,0.353045337,0.205535932,0.033482836,0.9998
LC-ZFL1,9215.959488,9929.987087,85.57446503,0.589679778,0.323440158,0.091299914,0.009847072,0.9994
LC-ZG6J,4909.622479,4889.430993,83.54492954,0.803941162,0.313554355,0.157970632,0.048592726,0.9995
LC-ZGCQ,11941.72091,6109.112135,87.16426501,0.137245508,0.328679514,0.214915199,0.053286972,0.9998
LC-ZHR0,12178.91417,9956.682135,85.66384252,0.150402812,0.374675063,0.145712858,0.084882342,0.9991
LC-ZTR4,10683.6052,11334.75784,86.98208496,0.066043124,0.308958728,0.098660152,0.089338956,0.9984
LC-ZVXH,7778.97385,6479.05641,89.51237059,0.218059609,0.338780253,0.246128062,0.034301007,0.9998
LC-ZWUR,4779.564001,5354.128466,89.14484913,0.166372906,0.244897283,0.117755972,0.03557271,0.9993
LC-UEBW,8728.650801,8107.262965,76.55240621,0.136505804,0.476131945,0.19531183,0.00616,0.9997
LC-UI9B,5914.664974,6845.353923,86.34211317,0.162001739,0.460782319,0.15291098,0.00299316,0.999
LC-UL2Z,9076.003399,8980.001707,84.71043429,0.285259502,0.241127264,0.078850608,0.043203261,0.9951
LC-UXRG,10765.52808,9745.852753,89.79318344,0.030133913,0.500612164,0.115508705,0.114999999,0.9983
LC-UYWB,10211.66508,8035.708739,84.14140346,0.738640528,0.26022859,0.086950454,0.032608619,0.9989
LC-V4T2,5089.24359,4948.542453,88.2187723,0.341381053,0.417764196,0.273883043,0.03900379,0.9992
LC-VFDY,11148.76839,9157.179076,85.58986739,0.565125027,0.195980272,0.072106203,0.019653382,0.999
LC-VK64,5356.904771,4378.45196,86.48847526,0.066116807,0.27485482,0.069648099,0.04410666,0.9964
LC-VUMG,9273.555985,9121.974814,83.88391592,0.444672897,0.254155048,0.097515405,0.147046192,0.9992
LC-VZTN,10285.46926,10080.88146,79.06446998,0.204850515,0.313335547,0.093731151,0.002540493,0.9992
LC-W7F6,6997.955153,7255.948555,82.26521241,0.289695664,0.386360219,0.201074512,0.025999233,0.9997
LC-WFNL,10333.34077,10287.66193,89.08908655,0.437511273,0.290500734,0.13286291,0.107749047,0.9997
LC-WMH7,7222.733953,4807.847408,83.27331194,0.285126381,0.306932364,0.145093899,0.083849266,0.9996
LC-WNLC,11483.3149,9217.322659,89.30218261,0.228834471,0.26974337,0.162833127,0.151728623,0.9997
LC-WNR6,6302.934394,4737.044719,78.37417818,0.205722271,0.432913282,0.116077568,0.013470068,0.9993
LC-WR2L,6928.597447,3955.552017,81.56033749,0.778008139,0.305288957,0.096425408,0.002793423,0.9986
LC-WRP2,11917.85891,5998.663096,85.28585659,0.561895089,0.314165698,0.154035055,0.002771479,0.9998
LC-WV54,11578.83151,9202.518773,80.95188378,0.510041871,0.365010954,0.162355326,0.037539967,0.9997
LC-X04S,5366.402189,4154.153187,82.89236514,0.077281328,0.245078387,0.111198636,0.114161487,0.9995
LC-X34F,5318.735873,4384.876598,88.58638041,0.458071313,0.155117839,0.088557912,0.066636605,0.9997
LC-X746,8159.237331,5676.993797,78.6228511,0.247081016,0.373202854,0.151172245,0.01605569,0.9993
LC-XA9E,4801.665293,4722.092416,85.16334359,0.276572436,0.333039493,0.164861773,0.08447992,0.9992
